<?xml version="1.0"?><fonts><font displayName="Frutiger® W01 56 Italic" psName="FrutigerLTW01-56Italic" FamilyName="Frutiger®" FontWeight="200" FontStyle="italic" FontStretch="normal" CssFamilyName="FrutigerLTW01-56Italic" woff="e2ade8a9-bd48-45e7-95e6-9dc917ba4f74.woff" eot="fcbab1a3-9659-4b39-8479-cc1f50d18f55.eot" ttf="19fe9614-8825-4e7d-b8c3-230d2561e0e2.ttf" svg="c2f8e3aa-1c1a-49ee-9ec7-30f61a5e96d3.svg" woff2="a6f5a1fe-91d0-4bde-bf50-4fc4e2d24f7e.woff2"/><font displayName="Frutiger® W01 55 Roman" psName="FrutigerLTW01-55Roman" FamilyName="Frutiger®" FontWeight="200" FontStyle="normal" FontStretch="normal" CssFamilyName="FrutigerLTW01-55Roman" woff="3fbbd6b1-cfa7-4ff0-97ea-af1b2c489f15.woff" eot="af97a512-f55a-4f61-b2ce-659c883930fc.eot" ttf="076311f8-a01b-4389-a5eb-334a62e62d45.ttf" svg="c59a36ab-4ef8-4ee1-a2f8-48aa79d4f877.svg" woff2="9b1fae67-8764-448a-a926-54b09bd0b06b.woff2"/><font displayName="Frutiger® W02 77 Condensed Black" psName="FrutigerLTW02-77BlackCn" FamilyName="Frutiger®" FontWeight="800" FontStyle="normal" FontStretch="condensed" CssFamilyName="FrutigerLTW02-77BlackCn" woff="f3b37111-01e6-4bd9-98d0-c062e502de57.woff" eot="0fcc6fcb-3952-4444-b734-818ca618d1d9.eot" ttf="2c930f2b-7b42-42f9-a274-1a7465f7d380.ttf" svg="6d98ed41-f5db-47c2-add1-bda582529ae8.svg" woff2="a39aed4a-7c2e-43ba-a169-19a28c9bbf11.woff2"/><font displayName="Frutiger® W01 65 Bold" psName="FrutigerLTW01-65Bold" FamilyName="Frutiger®" FontWeight="300" FontStyle="normal" FontStretch="normal" CssFamilyName="Frutiger LT W01 65 Bold" woff="9aa32a81-1124-4c43-b3db-15bfb1f7aed2.woff" eot="fbd7c0fb-f004-4e83-81d2-1d400413a873.eot" ttf="6faffbf4-f8e8-4817-b24b-a390e166be7e.ttf" svg="fc09de64-de25-425e-90dc-a0cae29b02c4.svg" woff2="6e7f04cb-3b30-43a5-b79d-25b4c1178700.woff2"/><font displayName="Frutiger® W01 75 Black" psName="FrutigerLTW01-75Black" FamilyName="Frutiger®" FontWeight="400" FontStyle="normal" FontStretch="normal" CssFamilyName="FrutigerLTW01-75Black" woff="70ad2f15-9e1e-4a42-8fdc-30327ef510c3.woff" eot="9b0d3be7-4ec5-4a72-8cc6-89b8b0f0b193.eot" ttf="ed897ec7-c1b8-4bd4-9d2a-0a7b09661bdc.ttf" svg="63e3258b-8e81-4153-ba11-ab8f4b2aa7a3.svg" woff2="a11b4e58-71a2-4f70-bda7-242c1305efd0.woff2"/><font displayName="Frutiger® W02 48 Condensed Light Italic" psName="FrutigerLTW02-48LightCnIt" FamilyName="Frutiger®" FontWeight="200" FontStyle="italic" FontStretch="condensed" CssFamilyName="FrutigerLTW02-48LightCn" woff="905db536-c069-4744-ae6f-6b3988ebaaed.woff" eot="0736c3b3-f2f1-466e-8a25-45fc84ab3845.eot" ttf="f6e9edda-7496-48a5-ba31-fc5f73bff6fe.ttf" svg="b90ef7cb-c6d6-4eca-916a-2abf35c536c1.svg" woff2="2ae8be2a-ce37-4269-b6f3-a3434707f841.woff2"/><font displayName="LCD™ W01 Regular" psName="LCDW01" FamilyName="LCD™" FontWeight="400" FontStyle="oblique" FontStretch="normal" CssFamilyName="LCD W01" woff="ea447350-0184-4cd2-b9d1-1c0200254e09.woff" eot="aaebf916-011b-4666-82b0-c37f6507a5d6.eot" ttf="571ac562-377c-4f61-b8a5-6a23e35bacc3.ttf" svg="5e16e4b6-79fd-4dd3-ace9-004a4ce23fd4.svg" woff2="d9d7ff01-52cf-4a5f-abe5-709f42b301d1.woff2"/><font displayName="Frutiger® W02 57 Condensed" psName="FrutigerLTW02-57Condensed" FamilyName="Frutiger®" FontWeight="400" FontStyle="normal" FontStretch="condensed" CssFamilyName="FrutigerLTW02-57Condens" woff="ef9a4f38-e55d-40e8-aa22-b4510adec541.woff" eot="a267d8d4-3e11-4eb4-a4a8-f109ddc63706.eot" ttf="dbe27c12-f5c5-449d-88b8-330313bf5865.ttf" svg="720956b5-5e1e-47f5-a115-34296dc4cbf1.svg" woff2="6fe059b8-9cdc-4d35-ab14-8244f8ce6a90.woff2"/><font displayName="Frutiger® W02 47 Condensed Light" psName="FrutigerLTW02-47LightCn" FamilyName="Frutiger®" FontWeight="200" FontStyle="normal" FontStretch="condensed" CssFamilyName="FrutigerLTW02-47LightCn" woff="18e289e9-d1cf-49c2-9e2b-443f187c1f87.woff" eot="16287d1e-35c2-48f5-8e23-53345e052ca7.eot" ttf="23a04561-390f-4346-9287-d05ec4f6f542.ttf" svg="4f7e6038-e429-4d6d-b74f-43498d868495.svg" woff2="710ce708-2f2b-4530-a455-a161ccf7b3d2.woff2"/></fonts>